"test_id","gene","locus","sample_1","sample_2","value_1","value_2","log2_fold_change","test_stat","p_value","q_value","significant"
"C13orf15","C13orf15","chr13:42031541-42045013","Dex","Untreated",96.3483,9.99924,-3.26837,8.18142,2.22045e-16,2.50041e-13,"yes"
"TSC22D3","TSC22D3","chrX:106956451-107019017","Dex","Untreated",93.2645,9.6913,-3.26657,8.23265,2.22045e-16,2.50041e-13,"yes"
"CRISPLD2","CRISPLD2","chr16:84853586-84943116","Dex","Untreated",51.1687,7.89376,-2.69648,8.08267,6.66134e-16,6.9242e-13,"yes"
"PER1","PER1","chr17:8043787-8055753","Dex","Untreated",13.6869,1.48904,-3.20034,7.85902,3.77476e-15,3.64345e-12,"yes"
"KCTD12","KCTD12","chr13:77454303-77460540","Dex","Untreated",5.43205,31.2481,2.5242,-7.71186,1.24345e-14,1.12018e-11,"yes"
"ERRFI1","ERRFI1","chr1:8071778-8086393","Dex","Untreated",72.6952,13.4775,-2.4313,7.40823,1.27898e-13,1.08018e-10,"yes"
"STEAP4","STEAP4","chr7:87905743-87936228","Dex","Untreated",6.34834,0.199961,-4.98859,7.18613,6.66578e-13,5.29851e-10,"yes"
"MT2A","MT2A","chr16:56642477-56643409","Dex","Untreated",561.551,119.33,-2.23445,6.9599,3.40528e-12,2.55642e-09,"yes"
"SOX4","SOX4","chr6:21593971-21598849","Dex","Untreated",4.00456,21.2609,2.40849,-6.85383,7.1898e-12,5.11346e-09,"yes"
"METTL7A","METTL7A","chr12:51318533-51326300","Dex","Untreated",83.262,17.3296,-2.26442,6.80264,1.02718e-11,6.94013e-09,"yes"
"IRS2","IRS2","chr13:110406183-110438914","Dex","Untreated",24.9881,5.54969,-2.17076,6.66882,2.57872e-11,1.65934e-08,"yes"
"RASL11A","RASL11A","chr13:27844463-27847827","Dex","Untreated",53.6537,9.84698,-2.44592,6.6172,3.66058e-11,2.24843e-08,"yes"
"INHBB","INHBB","chr2:121103718-121109383","Dex","Untreated",11.177,0.966801,-3.53117,6.53694,6.27909e-11,3.58297e-08,"yes"
"FGD4","FGD4","chr12:32655040-32798984","Dex","Untreated",9.57291,2.04628,-2.22596,6.53494,6.3636e-11,3.58297e-08,"yes"
"NNMT","NNMT","chr11:114166534-114183238","Dex","Untreated",357.278,77.9375,-2.19666,6.47551,9.44911e-11,5.10743e-08,"yes"
"KCNK6","KCNK6","chr19:38810483-38819649","Dex","Untreated",15.7646,2.2134,-2.83235,6.45476,1.08388e-10,5.63324e-08,"yes"
"GLUL","GLUL","chr1:182350838-182361341","Dex","Untreated",345.162,43.6992,-2.98159,6.44539,1.153e-10,5.77054e-08,"yes"
"KLF9","KLF9","chr9:72999512-73029573","Dex","Untreated",22.8864,5.41176,-2.08032,6.36961,1.89514e-10,9.14607e-08,"yes"
"LOC100507632","LOC100507632","chr8:57430877-57472382","Dex","Untreated",50.9741,11.9777,-2.08941,6.36122,2.00155e-10,9.32654e-08,"yes"
"ITGA10","ITGA10","chr1:145524989-145543868","Dex","Untreated",4.2075,0.272717,-3.94749,6.31494,2.70267e-10,1.21737e-07,"yes"
"CORO6","CORO6","chr17:27920526-27948441","Dex","Untreated",38.5641,7.08346,-2.44473,6.23754,4.44494e-10,1.93756e-07,"yes"
"ADRA1B","ADRA1B","chr5:159343739-159400017","Dex","Untreated",9.92499,0.651025,-3.93028,6.15947,7.29899e-10,3.08223e-07,"yes"
"IMPA2","IMPA2","chr18:11981426-12030885","Dex","Untreated",32.5301,6.02982,-2.43159,6.1195,9.38681e-10,3.84376e-07,"yes"
"ZBTB16","ZBTB16","chr11:113930430-114121397","Dex","Untreated",15.2826,0.0811059,-7.55787,6.06556,1.31498e-09,5.22628e-07,"yes"
"FOXO1","FOXO1","chr13:41129800-41240734","Dex","Untreated",8.44362,1.71768,-2.2974,6.0419,1.52312e-09,5.88057e-07,"yes"
"ADAMTS5","ADAMTS5","chr21:28290230-28339439","Dex","Untreated",27.1178,6.30867,-2.10383,6.02473,1.69391e-09,6.35828e-07,"yes"
"PDK4","PDK4","chr7:95212808-95225925","Dex","Untreated",17.8674,2.97436,-2.58668,6.01932,1.75156e-09,6.39698e-07,"yes"
"ENDOD1","ENDOD1","chr11:94822973-94865815","Dex","Untreated",29.12,7.49691,-1.95764,6.00073,1.96427e-09,6.98504e-07,"yes"
"SORT1","SORT1","chr1:109852187-109940563","Dex","Untreated",54.3437,11.7396,-2.21073,5.93918,2.86457e-09,9.92538e-07,"yes"
"CACNB2","CACNB2","chr10:18429605-18830688","Dex","Untreated",10.1778,0.990861,-3.3606,5.91661,3.28651e-09,1.11027e-06,"yes"
"ADARB1","ADARB1","chr21:46494492-46646478","Dex","Untreated",26.7013,5.17927,-2.36609,5.90054,3.6232e-09,1.19237e-06,"yes"
"NEXN","NEXN","chr1:78354199-78409578","Dex","Untreated",111.756,27.6457,-2.01523,5.89681,3.70601e-09,1.19237e-06,"yes"
"NAV3","NAV3","chr12:78225068-78606790","Dex","Untreated",4.70872,0.99099,-2.24839,5.89255,3.8028e-09,1.19505e-06,"yes"
"STC1","STC1","chr8:23699433-23712320","Dex","Untreated",17.8081,3.33213,-2.41802,5.82775,5.61803e-09,1.70141e-06,"yes"
"DCXR","DCXR","chr17:79993756-79995573","Dex","Untreated",62.2682,12.1293,-2.36,5.82633,5.66592e-09,1.70141e-06,"yes"
"TRNP1","TRNP1","chr1:27320194-27327377","Dex","Untreated",41.2763,10.3948,-1.98945,5.79839,6.6954e-09,1.96685e-06,"yes"
"NOV","NOV","chr8:120428551-120436678","Dex","Untreated",2.09763,12.6872,2.59654,-5.78185,7.38816e-09,2.12417e-06,"yes"
"IGFBP2","IGFBP2","chr2:217498126-217529158","Dex","Untreated",120.499,27.2464,-2.14489,5.76292,8.26717e-09,2.32738e-06,"yes"
"SUN2","SUN2","chr22:39130718-39152024","Dex","Untreated",74.8482,19.1832,-1.96413,5.71003,1.12957e-08,3.10561e-06,"yes"
"MAMDC2","MAMDC2","chr9:72658496-72873790","Dex","Untreated",15.1708,3.23197,-2.23081,5.70711,1.14912e-08,3.10561e-06,"yes"
"FSTL3","FSTL3","chr19:676388-683392","Dex","Untreated",54.7846,14.7309,-1.89493,5.70025,1.19631e-08,3.16975e-06,"yes"
"LRRC17","LRRC17","chr7:102453307-102715288","Dex","Untreated",8.48273,40.8642,2.26824,-5.66543,1.46654e-08,3.81102e-06,"yes"
"TBX18","TBX18","chr6:85444156-85473899","Dex","Untreated",9.65409,34.2268,1.82591,-5.64717,1.63115e-08,4.15882e-06,"yes"
"SCD","SCD","chr10:102106771-102124588","Dex","Untreated",4.32751,17.1672,1.98804,-5.63868,1.71355e-08,4.288e-06,"yes"
"BDKRB2","BDKRB2","chr14:96671134-96710666","Dex","Untreated",24.1509,91.0771,1.91501,-5.62107,1.8978e-08,4.66272e-06,"yes"
"PTX3","PTX3","chr3:156977531-157221415","Dex","Untreated",389.649,83.3588,-2.22477,5.61284,1.99035e-08,4.80279e-06,"yes"
"WNT2","WNT2","chr7:116916685-116963343","Dex","Untreated",1.04283,9.35923,3.16588,-5.60555,2.07595e-08,4.92147e-06,"yes"
"GPRC5B","GPRC5B","chr16:19870292-19896151","Dex","Untreated",54.739,14.751,-1.89175,5.57348,2.49693e-08,5.81743e-06,"yes"
"HSPA2","HSPA2","chr14:65007185-65009954","Dex","Untreated",13.5242,2.33613,-2.53335,5.54681,2.90931e-08,6.66331e-06,"yes"
"TJP2","TJP2","chr9:71736179-71870124","Dex","Untreated",86.2705,21.7212,-1.98976,5.53534,3.10632e-08,6.96821e-06,"yes"
"FAM107A","FAM107A","chr3:58549844-58563491","Dex","Untreated",3.96279,0.156079,-4.66617,5.53314,3.14557e-08,6.96821e-06,"yes"
"PPP1R14A","PPP1R14A","chr19:38741876-38747231","Dex","Untreated",32.9645,3.75556,-3.13381,5.52658,3.26528e-08,7.11674e-06,"yes"
"SLC7A14","SLC7A14","chr3:170177341-170303863","Dex","Untreated",0.237508,1.87242,2.97886,-5.48457,4.14477e-08,8.89021e-06,"yes"
"FER1L6","FER1L6","chr8:124864226-125132302","Dex","Untreated",0.330669,3.04838,3.20458,-5.47715,4.32237e-08,9.12628e-06,"yes"
"MTSS1","MTSS1","chr8:125563027-125740730","Dex","Untreated",22.9184,5.96328,-1.94233,5.39407,6.888e-08,1.43196e-05,"yes"
"CLDN11","CLDN11","chr3:170136652-170152479","Dex","Untreated",26.4757,89.4408,1.75627,-5.33971,9.30962e-08,1.90607e-05,"yes"
"VCAM1","VCAM1","chr1:101185195-101204601","Dex","Untreated",1.00418,11.9785,3.57635,-5.32628,1.00244e-07,2.02179e-05,"yes"
"CYR61","CYR61","chr1:86046443-86049648","Dex","Untreated",163.085,45.4821,-1.84225,5.3162,1.05959e-07,2.10562e-05,"yes"
"ADAMTS14","ADAMTS14","chr10:72432558-72522195","Dex","Untreated",2.02976,10.5508,2.37798,-5.31264,1.08046e-07,2.11598e-05,"yes"
"USP53","USP53","chr4:120133781-120216673","Dex","Untreated",78.2713,17.5176,-2.15968,5.3025,1.14226e-07,2.20504e-05,"yes"
"GPM6B","GPM6B","chrX:13789061-13956831","Dex","Untreated",34.275,4.98485,-2.78153,5.25508,1.47957e-07,2.81598e-05,"yes"
"ADAMTS1","ADAMTS1","chr21:28208605-28217728","Dex","Untreated",476.329,96.1636,-2.3084,5.18139,2.20239e-07,4.13346e-05,"yes"
"TRPC6","TRPC6","chr11:101322294-101454659","Dex","Untreated",8.63725,2.25185,-1.93946,5.13654,2.7985e-07,5.18028e-05,"yes"
"RASL11B","RASL11B","chr4:53728494-53733002","Dex","Untreated",5.55642,0.339376,-4.0332,5.11957,3.06238e-07,5.59216e-05,"yes"
"LMCD1","LMCD1","chr3:8543510-8609806","Dex","Untreated",147.37,47.5933,-1.63061,5.03499,4.77875e-07,8.61004e-05,"yes"
"MMD","MMD","chr17:53469973-53499341","Dex","Untreated",41.5423,13.5562,-1.61563,5.01663,5.25863e-07,9.34999e-05,"yes"
"CCKAR","CCKAR","chr4:26483017-26492042","Dex","Untreated",11.4786,49.6329,2.11235,-5.00765,5.50972e-07,9.6692e-05,"yes"
"PKDCC","PKDCC","chr2:42275160-42285668","Dex","Untreated",41.6504,13.2153,-1.65612,4.99885,5.76743e-07,9.93102e-05,"yes"
"ACSL1","ACSL1","chr4:185676748-185747215","Dex","Untreated",24.7991,8.13069,-1.60884,4.99756,5.80589e-07,9.93102e-05,"yes"
"STEAP1","STEAP1","chr7:89783688-89794141","Dex","Untreated",94.5114,31.974,-1.56359,4.94431,7.64133e-07,0.000129072,"yes"
"ACSS1","ACSS1","chr20:24986865-25038818","Dex","Untreated",11.8807,3.08765,-1.94404,4.93531,8.00249e-07,0.000133503,"yes"
"TIMP4","TIMP4","chr3:12045861-12233532","Dex","Untreated",9.69675,1.34391,-2.85107,4.92975,8.23328e-07,0.000135678,"yes"
"CREB5","CREB5","chr7:28338939-28865511","Dex","Untreated",1.29376,5.2178,2.01187,-4.91254,8.99026e-07,0.000146368,"yes"
"COL11A1","COL11A1","chr1:103342022-103574052","Dex","Untreated",3.33648,0.649857,-2.36013,4.90842,9.18142e-07,0.000147701,"yes"
"TNFAIP6","TNFAIP6","chr2:152214105-152236562","Dex","Untreated",2.93929,16.4612,2.48553,-4.9056,9.3141e-07,0.000148072,"yes"
"PLXNA4","PLXNA4","chr7:131808090-132333447","Dex","Untreated",5.34749,0.688745,-2.95682,4.87877,1.06751e-06,0.00016732,"yes"
"CRABP2","CRABP2","chr1:156669399-156675608","Dex","Untreated",35.2195,108.316,1.6208,-4.87698,1.07725e-06,0.00016732,"yes"
"MT1X","MT1X","chr16:56716381-56718108","Dex","Untreated",34.2125,3.84966,-3.15172,4.84712,1.25266e-06,0.000192354,"yes"
"APCDD1","APCDD1","chr18:10454624-10488698","Dex","Untreated",40.7402,11.8398,-1.78282,4.77702,1.77914e-06,0.000270129,"yes"
"DNAJB4","DNAJB4","chr1:78470635-78482995","Dex","Untreated",36.6929,12.7239,-1.52796,4.75181,2.01604e-06,0.000302698,"yes"
"ACTG2","ACTG2","chr2:74120092-74146780","Dex","Untreated",65.4727,16.4988,-1.98853,4.73118,2.23217e-06,0.000329086,"yes"
"GGT5","GGT5","chr22:24615621-24641110","Dex","Untreated",15.9299,3.03925,-2.38995,4.73043,2.2405e-06,0.000329086,"yes"
"IGDCC4","IGDCC4","chr15:65673824-65715410","Dex","Untreated",0.926549,4.25541,2.19936,-4.68727,2.7688e-06,0.000399172,"yes"
"LEP","LEP","chr7:127881330-127897682","Dex","Untreated",2.60318,0.288973,-3.17127,4.68668,2.77675e-06,0.000399172,"yes"
"TMEM35","TMEM35","chrX:100333835-100351355","Dex","Untreated",8.20349,26.2658,1.67888,-4.68232,2.83645e-06,0.000403462,"yes"
"CD302","CD302","chr2:160625138-160761267","Dex","Untreated",63.7752,20.0159,-1.67185,4.67487,2.9414e-06,0.000414033,"yes"
"MT1E","MT1E","chr16:56659584-56661024","Dex","Untreated",56.3729,12.1917,-2.2091,4.66523,3.0827e-06,0.000429448,"yes"
"GDF15","GDF15","chr19:18496967-18499986","Dex","Untreated",8.71313,32.4675,1.89773,-4.64429,3.41253e-06,0.000466379,"yes"
"AOX1","AOX1","chr2:201450730-201536217","Dex","Untreated",55.3916,18.7449,-1.56317,4.64403,3.41682e-06,0.000466379,"yes"
"CEBPD","CEBPD","chr8:48649475-48650726","Dex","Untreated",127.916,46.3309,-1.46515,4.63576,3.55631e-06,0.000480564,"yes"
"TSLP","TSLP","chr5:110405777-110413722","Dex","Untreated",0.629688,4.64132,2.88183,-4.62141,3.81144e-06,0.000507452,"yes"
"DAAM2","DAAM2","chr6:39760158-39902290","Dex","Untreated",27.7724,8.55459,-1.69888,4.62038,3.83039e-06,0.000507452,"yes"
"TEX2","TEX2","chr17:62224794-62340653","Dex","Untreated",44.4279,15.8489,-1.48708,4.61032,4.02056e-06,0.000527474,"yes"
"ADAM12","ADAM12","chr10:127702901-128077127","Dex","Untreated",3.57962,12.5826,1.81355,-4.60205,4.18351e-06,0.000541607,"yes"
"FST","FST","chr5:52776263-52782304","Dex","Untreated",25.4602,77.4634,1.60527,-4.59964,4.23228e-06,0.000541607,"yes"
"AQP3","AQP3","chr9:33441151-33447631","Dex","Untreated",0.836779,6.27886,2.90758,-4.59884,4.24853e-06,0.000541607,"yes"
"TCEAL4","TCEAL4","chrX:102840418-102842655","Dex","Untreated",155.162,53.5882,-1.53378,4.57207,4.82925e-06,0.000609884,"yes"
"PER3","PER3","chr1:7844762-7905237","Dex","Untreated",0.536424,2.67354,2.31731,-4.52919,5.92103e-06,0.000740842,"yes"
"PRSS35","PRSS35","chr6:84222193-84235421","Dex","Untreated",1.33287,9.61231,2.85035,-4.50241,6.71861e-06,0.000832923,"yes"
"SAT1","SAT1","chrX:23801274-23804327","Dex","Untreated",219.576,80.6842,-1.44436,4.47293,7.71559e-06,0.000947825,"yes"
"PHC2","PHC2","chr1:33789223-33841194","Dex","Untreated",75.1696,27.4047,-1.45573,4.42857,9.4859e-06,0.00114789,"yes"
"SPON1","SPON1","chr11:13984183-14289679","Dex","Untreated",23.5066,6.80335,-1.78875,4.42793,9.51405e-06,0.00114789,"yes"
"KLF5","KLF5","chr13:73633141-73651676","Dex","Untreated",3.28448,0.54695,-2.58619,4.4122,1.02328e-05,0.00122368,"yes"
"NKD1","NKD1","chr16:50582240-50674771","Dex","Untreated",1.4219,0.255631,-2.47569,4.40505,1.0576e-05,0.00124908,"yes"
"AFAP1L1","AFAP1L1","chr5:148651400-148721367","Dex","Untreated",7.65177,2.32323,-1.71966,4.4037,1.06421e-05,0.00124908,"yes"
"PIK3R1","PIK3R1","chr5:67511583-67597649","Dex","Untreated",31.0198,10.3952,-1.57728,4.40207,1.07225e-05,0.00124908,"yes"
"CDC42EP3","CDC42EP3","chr2:37870742-37899326","Dex","Untreated",18.9316,6.87456,-1.46146,4.39271,1.11945e-05,0.00129292,"yes"
"PIEZO2","PIEZO2","chr18:10670243-11148761","Dex","Untreated",0.180576,1.1653,2.69003,-4.37878,1.19343e-05,0.00136316,"yes"
"CTPS","CTPS","chr1:41445006-41478235","Dex","Untreated",13.8694,4.70205,-1.56054,4.37751,1.20044e-05,0.00136316,"yes"
"INPP5A","INPP5A","chr10:134351352-134596984","Dex","Untreated",33.0685,12.2098,-1.43741,4.35832,1.31063e-05,0.00147013,"yes"
"PRODH","PRODH","chr22:18900286-18924066","Dex","Untreated",2.14316,0.0295381,-6.18102,4.35736,1.3164e-05,0.00147013,"yes"
"TNFRSF11B","TNFRSF11B","chr8:119935795-119964383","Dex","Untreated",71.0227,207.565,1.54721,-4.34346,1.40257e-05,0.00155352,"yes"
"FBN2","FBN2","chr5:127593600-127873735","Dex","Untreated",101.917,22.8994,-2.15401,4.33149,1.48106e-05,0.00162712,"yes"
"PXDC1","PXDC1","chr6:3722835-3752246","Dex","Untreated",50.256,19.222,-1.38654,4.32539,1.52261e-05,0.00165928,"yes"
"RND2","RND2","chr17:41177257-41184058","Dex","Untreated",0.750281,3.62363,2.27193,-4.30772,1.64948e-05,0.00178315,"yes"
"NID1","NID1","chr1:236139131-236228481","Dex","Untreated",106.2,35.9689,-1.56196,4.2983,1.72114e-05,0.00184585,"yes"
"ALPK3","ALPK3","chr15:85359910-85416713","Dex","Untreated",0.499722,0.0565143,-3.14444,4.28495,1.82782e-05,0.00194339,"yes"
"NR4A3","NR4A3","chr9:102584136-102629173","Dex","Untreated",2.78952,0.59856,-2.22045,4.28337,1.84085e-05,0.00194339,"yes"
"HPS5","HPS5","chr11:18300216-18343721","Dex","Untreated",12.638,4.27363,-1.56423,4.27854,1.8812e-05,0.0019706,"yes"
"PDPN","PDPN","chr1:13910251-13944452","Dex","Untreated",26.7639,7.50109,-1.83511,4.27672,1.89669e-05,0.00197153,"yes"
"EPHB6","EPHB6","chr7:142552791-142568847","Dex","Untreated",37.0744,14.1578,-1.38882,4.25384,2.10133e-05,0.00216758,"yes"
"ATF3","ATF3","chr1:212738675-212794119","Dex","Untreated",13.1613,3.24849,-2.01846,4.25172,2.12133e-05,0.00217163,"yes"
"OXTR","OXTR","chr3:8792094-8811300","Dex","Untreated",8.82897,2.28825,-1.948,4.24587,2.17751e-05,0.00221238,"yes"
"RAB11FIP1","RAB11FIP1","chr8:37716464-37757015","Dex","Untreated",15.9009,5.43167,-1.54964,4.22966,2.34048e-05,0.00236022,"yes"
"CITED2","CITED2","chr6:139693396-139695785","Dex","Untreated",281.664,91.692,-1.61911,4.21896,2.45427e-05,0.00245663,"yes"
"RAPGEF5","RAPGEF5","chr7:22157907-22396533","Dex","Untreated",1.0089,0.141974,-2.82909,4.2172,2.4735e-05,0.00245767,"yes"
"CDH6","CDH6","chr5:31193761-31329253","Dex","Untreated",5.86287,15.8196,1.43204,-4.21388,2.51017e-05,0.0024759,"yes"
"NEGR1","NEGR1","chr1:71868624-72748277","Dex","Untreated",14.4703,5.47231,-1.40287,4.18473,2.85502e-05,0.00278328,"yes"
"COL4A1","COL4A1","chr13:110801309-110959496","Dex","Untreated",22.607,8.86785,-1.35011,4.1841,2.86299e-05,0.00278328,"yes"
"LIF","LIF","chr22:30636441-30642796","Dex","Untreated",0.580339,3.08054,2.40821,-4.17029,3.04209e-05,0.00293627,"yes"
"ITGA11","ITGA11","chr15:68594041-68724492","Dex","Untreated",5.02254,14.7014,1.54947,-4.16566,3.10452e-05,0.00297527,"yes"
"PRKAG2","PRKAG2","chr7:151253200-151576308","Dex","Untreated",26.6226,9.3956,-1.50259,4.15841,3.20472e-05,0.00304967,"yes"
"ADCY1","ADCY1","chr7:45614124-45762714","Dex","Untreated",0.42888,2.06769,2.26937,-4.15194,3.29673e-05,0.0031153,"yes"
"SIPA1L2","SIPA1L2","chr1:232533711-232651243","Dex","Untreated",0.208507,1.32509,2.66793,-4.14072,3.46217e-05,0.00324891,"yes"
"PHGDH","PHGDH","chr1:120254418-120286849","Dex","Untreated",16.1322,41.7589,1.37214,-4.11788,3.82375e-05,0.00356347,"yes"
"HMOX1","HMOX1","chr22:35777059-35790207","Dex","Untreated",42.5568,105.9,1.31525,-4.11319,3.90226e-05,0.00356813,"yes"
"AMOT","AMOT","chrX:112018104-112084043","Dex","Untreated",0.817672,3.81912,2.22364,-4.11319,3.90233e-05,0.00356813,"yes"
"SMARCD2","SMARCD2","chr17:61909440-61920351","Dex","Untreated",51.9425,21.092,-1.30022,4.11187,3.92462e-05,0.00356813,"yes"
"SLC16A12","SLC16A12","chr10:91190050-91295313","Dex","Untreated",0.757165,0.0513474,-3.88224,4.1113,3.93437e-05,0.00356813,"yes"
"NEDD9","NEDD9","chr6:11183530-11382581","Dex","Untreated",27.2097,8.36492,-1.7017,4.10702,4.00795e-05,0.00361063,"yes"
"GALNTL2","GALNTL2","chr3:16216183-16271253","Dex","Untreated",186.265,62.659,-1.57176,4.10466,4.04905e-05,0.00361805,"yes"
"PGBD5","PGBD5","chr1:230457391-230513391","Dex","Untreated",0.534697,3.2083,2.58502,-4.10348,4.06974e-05,0.00361805,"yes"
"CDON","CDON","chr11:125826712-125933187","Dex","Untreated",0.933014,3.10289,1.73364,-4.05951,4.91748e-05,0.00434313,"yes"
"MXRA5","MXRA5","chrX:3226608-3264684","Dex","Untreated",11.4948,29.2478,1.34734,-4.04958,5.13089e-05,0.00450219,"yes"
"MYADM","MYADM","chr19:54369610-54379689","Dex","Untreated",127.17,44.7216,-1.50772,4.04682,5.19192e-05,0.00452635,"yes"
"FZD8","FZD8","chr10:35927176-35930362","Dex","Untreated",3.20191,0.597953,-2.42083,4.01126,6.03967e-05,0.00523167,"yes"
"PLA2G4A","PLA2G4A","chr1:186798031-186958113","Dex","Untreated",0.459379,2.70629,2.55856,-4.00361,6.23834e-05,0.00536934,"yes"
"CILP","CILP","chr15:65488336-65503840","Dex","Untreated",11.7856,4.49842,-1.38954,3.99718,6.41027e-05,0.00548241,"yes"
"GFPT2","GFPT2","chr5:179727699-179780315","Dex","Untreated",21.314,8.43316,-1.33766,3.99452,6.48249e-05,0.0055093,"yes"
"FAM171B","FAM171B","chr2:187558788-187628512","Dex","Untreated",5.54224,14.1783,1.35514,-3.98574,6.72688e-05,0.00568127,"yes"
"AHCTF1","AHCTF1","chr1:247002401-247094726","Dex","Untreated",7.50719,2.99546,-1.32549,3.98394,6.7781e-05,0.00568897,"yes"
"C3orf64","C3orf64","chr3:69024367-69062774","Dex","Untreated",22.1012,9.22468,-1.26055,3.97709,6.97645e-05,0.00581931,"yes"
"CPA4","CPA4","chr7:129932973-129964020","Dex","Untreated",0.792408,4.0852,2.36609,-3.97117,7.15194e-05,0.00592909,"yes"
"SSH2","SSH2","chr17:27952964-28435470","Dex","Untreated",12.8889,5.4077,-1.25304,3.9588,7.53286e-05,0.00616918,"yes"
"C5orf62","C5orf62","chr5:150157507-150176298","Dex","Untreated",31.8492,13.1823,-1.27265,3.9598,7.50122e-05,0.00616919,"yes"
"LHFPL2","LHFPL2","chr5:77781037-77944648","Dex","Untreated",10.4625,24.7888,1.24446,-3.95578,7.62845e-05,0.00619066,"yes"
"AIF1L","AIF1L","chr9:133971862-133998539","Dex","Untreated",0.320812,2.12323,2.72646,-3.95423,7.67818e-05,0.00619066,"yes"
"DLL4","DLL4","chr15:41221530-41231258","Dex","Untreated",1.69397,0.126443,-3.74384,3.95347,7.7027e-05,0.00619066,"yes"
"GPR68","GPR68","chr14:91698875-91720224","Dex","Untreated",0.173013,1.56938,3.18124,-3.95178,7.75715e-05,0.00619066,"yes"
"HSD17B6","HSD17B6","chr12:57157107-57181574","Dex","Untreated",1.75294,8.30754,2.24465,-3.95083,7.78814e-05,0.00619066,"yes"
"SLC6A9","SLC6A9","chr1:44457279-44497134","Dex","Untreated",1.11945,5.36447,2.26065,-3.94226,8.07167e-05,0.0063785,"yes"
"GCNT4","GCNT4","chr5:74323288-74326724","Dex","Untreated",4.85395,1.2652,-1.93979,3.93258,8.40389e-05,0.00654872,"yes"
"STON1","STON1","chr2:48757063-49003656","Dex","Untreated",19.0867,7.45951,-1.35542,3.93163,8.43707e-05,0.00654872,"yes"
"C10orf10","C10orf10","chr10:45455218-45490172","Dex","Untreated",650.607,206.678,-1.6544,3.93119,8.45258e-05,0.00654872,"yes"
"CHST7","CHST7","chrX:46433191-46457838","Dex","Untreated",14.6539,5.13391,-1.51315,3.9301,8.49115e-05,0.00654872,"yes"
"SCARA5","SCARA5","chr8:27727398-27850369","Dex","Untreated",6.96583,2.11034,-1.72282,3.92902,8.52938e-05,0.00654872,"yes"
"SLC7A6","SLC7A6","chr16:68298418-68344868","Dex","Untreated",20.2573,7.85777,-1.36625,3.92537,8.6595e-05,0.00661106,"yes"
"OLFML2A","OLFML2A","chr9:127539436-127577159","Dex","Untreated",5.42591,14.2722,1.39526,-3.91437,9.06397e-05,0.00687606,"yes"
"C4orf46","C4orf46","chr4:159587830-159593202","Dex","Untreated",3.73962,10.1492,1.4404,-3.91319,9.10837e-05,0.00687606,"yes"
"NCOA3","NCOA3","chr20:46130600-46285621","Dex","Untreated",11.874,4.51801,-1.39404,3.90745,9.32739e-05,0.00693894,"yes"
"EPHB2","EPHB2","chr1:23037330-23241823","Dex","Untreated",1.51878,5.24299,1.78747,-3.90701,9.34465e-05,0.00693894,"yes"
"ABLIM1","ABLIM1","chr10:116190868-116444414","Dex","Untreated",6.94342,2.66351,-1.38232,3.90698,9.34572e-05,0.00693894,"yes"
"GXYLT2","GXYLT2","chr3:72937384-73024522","Dex","Untreated",6.17218,18.41,1.57663,-3.89565,9.79357e-05,0.00721827,"yes"
"TGFBR2","TGFBR2","chr3:30647993-30735633","Dex","Untreated",180.195,65.2303,-1.46595,3.89478,9.82878e-05,0.00721827,"yes"
"MOB3B","MOB3B","chr9:27325206-27529850","Dex","Untreated",0.723483,0.0991337,-2.86751,3.89276,9.91093e-05,0.00723926,"yes"
"COL4A4","COL4A4","chr2:227867426-228029275","Dex","Untreated",1.33748,0.333803,-2.00245,3.8903,0.000100121,0.00727384,"yes"
"RNF144B","RNF144B","chr6:18387580-18469105","Dex","Untreated",2.18736,0.491556,-2.15376,3.88349,0.000102969,0.00744072,"yes"
"FOXO3","FOXO3","chr6:108881025-109005971","Dex","Untreated",39.4197,16.3021,-1.27386,3.8806,0.0001042,0.00748968,"yes"
"GCLM","GCLM","chr1:94352589-94375012","Dex","Untreated",26.9804,11.3869,-1.24454,3.87856,0.000105076,0.00751266,"yes"
"SLC14A1","SLC14A1","chr18:43304091-43332485","Dex","Untreated",0.0600471,1.01559,4.08008,-3.8731,0.000107459,0.00762443,"yes"
"DAPK2","DAPK2","chr15:64199234-64338521","Dex","Untreated",13.3863,4.71081,-1.50671,3.8724,0.000107768,0.00762443,"yes"
"MAP1LC3C","MAP1LC3C","chr1:242158791-242162385","Dex","Untreated",8.28038,1.37988,-2.58515,3.86828,0.000109606,0.0077141,"yes"
"LRRC15","LRRC15","chr3:194075975-194090472","Dex","Untreated",0.603833,2.86036,2.24398,-3.86607,0.000110604,0.007744,"yes"
"COL7A1","COL7A1","chr3:48601505-48632593","Dex","Untreated",10.2441,4.35396,-1.23439,3.86298,0.000112012,0.00780216,"yes"
"CYTH3","CYTH3","chr7:6201411-6312242","Dex","Untreated",53.0529,22.4754,-1.23908,3.85623,0.000115148,0.00797949,"yes"
"FIBIN","FIBIN","chr11:27015627-27018632","Dex","Untreated",54.0534,22.8744,-1.24065,3.84659,0.000119772,0.00825755,"yes"
"DIO2","DIO2","chr14:80663867-80921810","Dex","Untreated",6.45554,2.3349,-1.46718,3.84075,0.000122661,0.00841381,"yes"
"ODZ4","ODZ4","chr11:78364327-79151695","Dex","Untreated",1.09119,2.93526,1.42759,-3.83106,0.000127594,0.00870796,"yes"
"HIGD1A","HIGD1A","chr3:42824399-42846027","Dex","Untreated",45.4226,19.1923,-1.24288,3.82772,0.000129337,0.00878258,"yes"
"BDKRB1","BDKRB1","chr14:96722546-96731100","Dex","Untreated",3.49212,13.2884,1.92799,-3.82638,0.000130043,0.00878633,"yes"
"BMPER","BMPER","chr7:33944522-34195484","Dex","Untreated",2.69679,7.3803,1.45244,-3.80351,0.000142663,0.00959105,"yes"
"FAM46C","FAM46C","chr1:118148603-118171011","Dex","Untreated",0.200115,1.16724,2.5442,-3.80125,0.000143969,0.00963094,"yes"
"MARCKS","MARCKS","chr6:114178526-114184652","Dex","Untreated",35.7625,84.4827,1.24021,-3.79782,0.000145974,0.00969764,"yes"
"NFIL3","NFIL3","chr9:94171326-94186144","Dex","Untreated",42.9381,18.4623,-1.21767,3.79617,0.000146952,0.00969764,"yes"
"CPM","CPM","chr12:69244955-69357020","Dex","Untreated",7.74121,2.8219,-1.45589,3.79588,0.000147119,0.00969764,"yes"
"WARS","WARS","chr14:100800124-100842680","Dex","Untreated",25.7425,63.2776,1.29755,-3.79426,0.000148085,0.00971392,"yes"
"RHOB","RHOB","chr2:20646834-20649201","Dex","Untreated",97.9973,42.7954,-1.19529,3.77418,0.000160534,0.0104797,"yes"
"ARHGAP28","ARHGAP28","chr18:6834431-6915712","Dex","Untreated",2.71574,7.55636,1.47634,-3.7642,0.000167081,0.0108546,"yes"
"RCAN2","RCAN2","chr6:46188466-46459804","Dex","Untreated",3.29433,11.4658,1.79928,-3.75759,0.000171554,0.0110919,"yes"
"TMEM119","TMEM119","chr12:108983621-108991894","Dex","Untreated",31.0389,69.9374,1.17199,-3.75516,0.000173231,0.0111194,"yes"
"HSPB3","HSPB3","chr5:53751430-53752214","Dex","Untreated",9.55143,1.65412,-2.52965,3.75459,0.000173625,0.0111194,"yes"
"WFDC1","WFDC1","chr16:84328400-84363450","Dex","Untreated",13.2247,3.7905,-1.80277,3.75002,0.000176818,0.0112563,"yes"
"ZCCHC5","ZCCHC5","chrX:77911565-77914825","Dex","Untreated",1.97179,0.239125,-3.04367,3.748,0.000178248,0.0112563,"yes"
"CD82","CD82","chr11:44587140-44641315","Dex","Untreated",84.3083,36.1842,-1.22031,3.74784,0.000178361,0.0112563,"yes"
"STARD7","STARD7","chr2:96850602-96908362","Dex","Untreated",68.1827,29.1433,-1.22624,3.74681,0.000179095,0.0112563,"yes"
"RAP2B","RAP2B","chr3:152880028-152886263","Dex","Untreated",2.55471,6.4031,1.32561,-3.74138,0.000183015,0.0114494,"yes"
"ANXA4","ANXA4","chr2:69969126-70053596","Dex","Untreated",137.244,59.7958,-1.19863,3.71746,0.000201235,0.0125313,"yes"
"CDKN2B","CDKN2B","chr9:21994789-22121093","Dex","Untreated",3.07389,8.62075,1.48775,-3.70959,0.000207598,0.0128682,"yes"
"RAI2","RAI2","chrX:17818168-17879457","Dex","Untreated",30.3739,11.0813,-1.45471,3.69954,0.000215987,0.0133271,"yes"
"SCN7A","SCN7A","chr2:167260082-167343481","Dex","Untreated",39.0233,15.255,-1.35505,3.69528,0.000219641,0.0134337,"yes"
"KANK1","KANK1","chr9:504702-746103","Dex","Untreated",14.1013,5.895,-1.25827,3.69521,0.000219703,0.0134337,"yes"
"ABHD5","ABHD5","chr3:43732374-43764217","Dex","Untreated",18.3246,8.19146,-1.16159,3.67743,0.000235599,0.0143408,"yes"
"STOM","STOM","chr9:124101352-124132545","Dex","Untreated",269.991,101.408,-1.41274,3.66055,0.000251673,0.0152505,"yes"
"SYNPO2","SYNPO2","chr4:119809995-119982402","Dex","Untreated",59.8097,17.5224,-1.77118,3.65838,0.000253818,0.0153118,"yes"
"LBH","LBH","chr2:30454396-30482899","Dex","Untreated",305.384,110.41,-1.46775,3.65124,0.000260974,0.0156735,"yes"
"RASD1","RASD1","chr17:17397752-17399709","Dex","Untreated",4.96241,0.92327,-2.42622,3.64814,0.000264143,0.0157937,"yes"
"CALCOCO2","CALCOCO2","chr17:46908371-46942229","Dex","Untreated",52.3771,23.5352,-1.15412,3.6469,0.000265424,0.0158003,"yes"
"POTEE","POTEE","chr2:131975923-132022416","Dex","Untreated",13.2952,5.22962,-1.34613,3.64414,0.000268292,0.015901,"yes"
"C1QTNF1","C1QTNF1","chr17:77015290-77045870","Dex","Untreated",23.5454,9.82494,-1.26092,3.63922,0.000273463,0.0161367,"yes"
"MEST","MEST","chr7:130126015-130371406","Dex","Untreated",5.61587,20.3623,1.85832,-3.63526,0.000277698,0.0163154,"yes"
"IFIT1","IFIT1","chr10:91152321-91163744","Dex","Untreated",2.56943,8.57428,1.73857,-3.63027,0.000283123,0.0165564,"yes"
"SLC39A10","SLC39A10","chr2:196521531-196602426","Dex","Untreated",3.36715,8.30721,1.30283,-3.62925,0.000284251,0.0165564,"yes"
"CADPS2","CADPS2","chr7:121958477-122526813","Dex","Untreated",11.9947,4.63862,-1.37063,3.62156,0.000292832,0.016983,"yes"
"LAMA3","LAMA3","chr18:21269561-21535029","Dex","Untreated",9.18703,3.66477,-1.32588,3.61846,0.000296365,0.0171145,"yes"
"ZHX3","ZHX3","chr20:39807088-39928739","Dex","Untreated",19.8635,9.00783,-1.14087,3.61621,0.000298944,0.0171899,"yes"
"LGI3","LGI3","chr8:22004342-22014344","Dex","Untreated",0.634941,0.0146689,-5.43578,3.60484,0.00031234,0.0178841,"yes"
"ZCCHC6","ZCCHC6","chr9:88902647-88969402","Dex","Untreated",13.9762,6.28171,-1.15374,3.59618,0.000322918,0.0184118,"yes"
"TSPAN8","TSPAN8","chr12:71518876-71551779","Dex","Untreated",2.03194,0.113027,-4.16812,3.59378,0.000325915,0.0185046,"yes"
"GADD45B","GADD45B","chr19:2476122-2478257","Dex","Untreated",19.8903,7.34271,-1.43768,3.59126,0.000329085,0.0185436,"yes"
"EPHB3","EPHB3","chr3:184279586-184300196","Dex","Untreated",2.51019,6.86342,1.45113,-3.58885,0.000332145,0.0185436,"yes"
"CORIN","CORIN","chr4:47596017-47840059","Dex","Untreated",2.02285,0.516186,-1.97043,3.5888,0.000332204,0.0185436,"yes"
"SAMD4A","SAMD4A","chr14:55034329-55260033","Dex","Untreated",27.8889,12.0567,-1.20985,3.58873,0.000332293,0.0185436,"yes"
"TUBB","TUBB","chr6_ssto_hap7:2020463-2025502","Dex","Untreated",16.0969,36.2534,1.17133,-3.587,0.000334508,0.0185436,"yes"
"ENPP1","ENPP1","chr6:132129155-132216295","Dex","Untreated",5.05203,2.02567,-1.31846,3.58674,0.000334835,0.0185436,"yes"
"RPS6KA5","RPS6KA5","chr14:91337166-91526993","Dex","Untreated",0.284416,1.66481,2.54928,-3.58038,0.000343094,0.0189234,"yes"
"LDB2","LDB2","chr4:16503164-16900424","Dex","Untreated",6.91438,16.7609,1.27742,-3.57499,0.000350241,0.019239,"yes"
"TUBA1A","TUBA1A","chr12:49578582-49582861","Dex","Untreated",145.507,343.692,1.24003,-3.57255,0.000353517,0.0193404,"yes"
"LRRC16A","LRRC16A","chr6:25279655-25620758","Dex","Untreated",16.2416,7.00394,-1.21346,3.56857,0.00035893,0.0195573,"yes"
"DHRS3","DHRS3","chr1:12627938-12677820","Dex","Untreated",138.293,59.8913,-1.20731,3.56404,0.000365194,0.0198187,"yes"
"PREB","PREB","chr2:27346656-27357542","Dex","Untreated",50.9157,23.1298,-1.13836,3.55663,0.000375647,0.0203044,"yes"
"HMGB2","HMGB2","chr4:174252526-174255595","Dex","Untreated",41.0438,17.1141,-1.26198,3.55546,0.000377323,0.0203138,"yes"
"C14orf132","C14orf132","chr14:96505660-96560226","Dex","Untreated",16.7571,36.7259,1.13202,-3.55204,0.000382255,0.0204977,"yes"
"TMEM200A","TMEM200A","chr6:130758261-130764210","Dex","Untreated",3.71233,8.63473,1.21782,-3.54475,0.000392983,0.0209897,"yes"
"NCKAP5","NCKAP5","chr2:133429371-134326031","Dex","Untreated",0.219928,1.05097,2.25662,-3.54278,0.000395938,0.0210642,"yes"
"MAFF","MAFF","chr22:38597938-38612517","Dex","Untreated",18.2619,7.44196,-1.29508,3.53275,0.000411257,0.0217934,"yes"
"NAMPT","NAMPT","chr7:105888731-105925638","Dex","Untreated",21.5109,9.93921,-1.11387,3.52347,0.000425937,0.0224831,"yes"
"TUBB3","TUBB3","chr16:89988416-90002505","Dex","Untreated",7.42856,20.5383,1.46716,-3.52187,0.000428511,0.022531,"yes"
"PHF17","PHF17","chr4:129730778-129796379","Dex","Untreated",18.268,7.89947,-1.2095,3.51988,0.000431747,0.0226132,"yes"
"PHLDA1","PHLDA1","chr12:76419226-76425556","Dex","Untreated",13.1702,28.1493,1.09582,-3.51595,0.000438179,0.0227628,"yes"
"NUAK1","NUAK1","chr12:106457124-106533811","Dex","Untreated",3.85984,1.49866,-1.36487,3.51566,0.000438665,0.0227628,"yes"
"ARMC8","ARMC8","chr3:137906147-138048728","Dex","Untreated",13.621,5.47845,-1.314,3.51411,0.000441231,0.0227628,"yes"
"NEK10","NEK10","chr3:27257096-27410912","Dex","Untreated",0.228105,1.41138,2.62934,-3.51404,0.000441341,0.0227628,"yes"
"ARHGAP29","ARHGAP29","chr1:94634462-94703307","Dex","Untreated",26.6831,11.7727,-1.18048,3.50694,0.000453295,0.0232904,"yes"
"DDAH1","DDAH1","chr1:85784167-86044046","Dex","Untreated",44.9553,18.5659,-1.27583,3.50417,0.000458034,0.0234448,"yes"
"LOC148145","LOC148145","chr19:29456037-29460055","Dex","Untreated",0.0245236,0.508117,4.37292,-3.49812,0.000468544,0.0238256,"yes"
"MICAL2","MICAL2","chr11:12132137-12285331","Dex","Untreated",12.0015,5.14422,-1.22219,3.49786,0.000469001,0.0238256,"yes"
"NYNRIN","NYNRIN","chr14:24867991-24888494","Dex","Untreated",5.76281,12.4204,1.10787,-3.48915,0.000484565,0.0244277,"yes"
"RN5-8S1","RN5-8S1","chrUn_gl000220:97128-126696","Dex","Untreated",4.57015,77.417,4.08234,-3.4886,0.000485566,0.0244277,"yes"
"SLC6A6","SLC6A6","chr3:14444105-14583588","Dex","Untreated",2.03969,8.3643,2.03589,-3.48801,0.000486635,0.0244277,"yes"
"ANPEP","ANPEP","chr15:90328125-90358072","Dex","Untreated",70.0508,32.1518,-1.1235,3.48721,0.000488084,0.0244277,"yes"
"PNPLA2","PNPLA2","chr11:818900-825571","Dex","Untreated",65.949,31.147,-1.08226,3.48446,0.000493125,0.0245889,"yes"
"KLF6","KLF6","chr10:3818187-3827473","Dex","Untreated",40.8485,19.0035,-1.10401,3.47845,0.000504328,0.0250551,"yes"
"RHOJ","RHOJ","chr14:63671101-63760230","Dex","Untreated",4.94763,11.6626,1.23708,-3.46894,0.000522517,0.0258636,"yes"
"AASS","AASS","chr7:121713597-121784344","Dex","Untreated",9.88824,4.51993,-1.12941,3.46543,0.000529377,0.0261076,"yes"
"CBS","CBS","chr21:44473300-44496472","Dex","Untreated",20.5253,8.30766,-1.30489,3.46104,0.000538089,0.0264407,"yes"
"WASF3","WASF3","chr13:27131839-27263082","Dex","Untreated",14.7013,6.85424,-1.10088,3.45972,0.000540733,0.0264744,"yes"
"FLRT3","FLRT3","chr20:13976145-16033841","Dex","Untreated",0.59713,3.07129,2.36273,-3.44093,0.000579713,0.0282803,"yes"
"LMOD1","LMOD1","chr1:201865583-201915716","Dex","Untreated",104.557,46.0596,-1.18271,3.43953,0.000582733,0.0283254,"yes"
"RSPO1","RSPO1","chr1:38076950-38100595","Dex","Untreated",14.067,5.40092,-1.38104,3.43171,0.000599788,0.0290169,"yes"
"TRIM45","TRIM45","chr1:117653676-117664411","Dex","Untreated",0.686844,2.67147,1.95958,-3.43105,0.000601252,0.0290169,"yes"
"FAM43A","FAM43A","chr3:194406621-194409766","Dex","Untreated",15.3332,6.61502,-1.21284,3.42921,0.000605334,0.0290688,"yes"
"AP1M1","AP1M1","chr19:16308664-16346156","Dex","Untreated",59.102,27.6943,-1.09362,3.42863,0.00060663,0.0290688,"yes"
"FAM46B","FAM46B","chr1:27331510-27339333","Dex","Untreated",2.43745,0.48905,-2.31732,3.42667,0.00061103,0.0291761,"yes"
"SQRDL","SQRDL","chr15:45927255-45983479","Dex","Untreated",86.314,41.1504,-1.06869,3.41278,0.000643038,0.0304667,"yes"
"CIT","CIT","chr12:120123594-120315095","Dex","Untreated",0.710525,2.0378,1.52005,-3.41256,0.000643562,0.0304667,"yes"
"PDE5A","PDE5A","chr4:120375937-120549981","Dex","Untreated",25.6677,61.637,1.26384,-3.41203,0.000644822,0.0304667,"yes"
"RTKN2","RTKN2","chr10:63952952-64028466","Dex","Untreated",0.243777,1.03187,2.08162,-3.40861,0.000652944,0.030743,"yes"
"ARSI","ARSI","chr5:149675908-149682525","Dex","Untreated",1.38263,4.65571,1.75159,-3.40604,0.00065912,0.030926,"yes"
"LINC00312","LINC00312","chr3:8613467-8616354","Dex","Untreated",3.63153,1.0139,-1.84066,3.40161,0.000669893,0.0313227,"yes"
"FZD5","FZD5","chr2:208627309-208634143","Dex","Untreated",0.610737,0.108118,-2.49794,3.39871,0.000677038,0.0315477,"yes"
"SAP30","SAP30","chr4:174292092-174298683","Dex","Untreated",23.5855,9.17601,-1.36196,3.38871,0.000702219,0.0326085,"yes"
"VGLL3","VGLL3","chr3:86987122-87040257","Dex","Untreated",70.6072,29.3913,-1.26443,3.37632,0.000734629,0.0339051,"yes"
"G0S2","G0S2","chr1:209848669-209849735","Dex","Untreated",0.616198,4.15278,2.75261,-3.37612,0.000735157,0.0339051,"yes"
"ING2","ING2","chr4:184426219-184432249","Dex","Untreated",22.0788,8.64055,-1.35347,3.36765,0.000758115,0.0348449,"yes"
"VEGFA","VEGFA","chr6:43737945-43754223","Dex","Untreated",12.9917,29.7674,1.19614,-3.3657,0.00076349,0.034973,"yes"
"TM4SF1","TM4SF1","chr3:149086804-149095568","Dex","Untreated",33.8811,15.6999,-1.10972,3.35497,0.000793728,0.0362353,"yes"
"DUSP5","DUSP5","chr10:112257624-112271302","Dex","Untreated",10.6584,4.28666,-1.31406,3.34651,0.000818368,0.0372344,"yes"
"FADS3","FADS3","chr11:61640997-61659006","Dex","Untreated",61.1674,29.5395,-1.05012,3.31827,0.000905765,0.0410725,"yes"
"CTGF","CTGF","chr6:132269316-132272518","Dex","Untreated",337.566,129.421,-1.38309,3.30978,0.000933709,0.042198,"yes"
"FAM46A","FAM46A","chr6:82455446-82462428","Dex","Untreated",2.32873,5.43452,1.22261,-3.3052,0.000949076,0.0427496,"yes"
"RWDD4","RWDD4","chr4:184560788-184580331","Dex","Untreated",15.6321,7.08204,-1.14228,3.3013,0.000962389,0.0432052,"yes"
"SEMA3A","SEMA3A","chr7:83587658-83824217","Dex","Untreated",2.81352,6.36041,1.17674,-3.29853,0.000971937,0.0434893,"yes"
"JUN","JUN","chr1:59246462-59249785","Dex","Untreated",28.7516,62.2446,1.11431,-3.29495,0.000984379,0.0437677,"yes"
"SAMD12","SAMD12","chr8:119201694-119738306","Dex","Untreated",0.182625,0.777473,2.08991,-3.29488,0.000984637,0.0437677,"yes"
"KLHDC5","KLHDC5","chr12:27933186-27955973","Dex","Untreated",8.92698,4.27084,-1.06365,3.28642,0.0010147,0.0448262,"yes"
"STK17B","STK17B","chr2:196998306-197036336","Dex","Untreated",15.3055,7.26857,-1.07431,3.28631,0.00101508,0.0448262,"yes"
"CLIC2","CLIC2","chrX:154505499-154563986","Dex","Untreated",3.59563,8.80511,1.2921,-3.28476,0.0010207,0.0449275,"yes"
"REV3L","REV3L","chr6:111620233-111804414","Dex","Untreated",42.4299,19.3447,-1.13314,3.28032,0.00103688,0.0454914,"yes"
"SOX9","SOX9","chr17:70117160-70122560","Dex","Untreated",3.93834,9.18126,1.2211,-3.26662,0.00108841,0.0474932,"yes"
"EBF1","EBF1","chr5:158122922-158526788","Dex","Untreated",9.66952,4.55603,-1.08567,3.26632,0.00108954,0.0474932,"yes"
"APBB2","APBB2","chr4:40812043-41216635","Dex","Untreated",15.3687,7.24296,-1.08534,3.26464,0.00109605,0.0476234,"yes"
"HSD11B1","HSD11B1","chr1:209859524-209908295","Dex","Untreated",34.0364,13.8484,-1.29736,3.26347,0.00110056,0.0476661,"yes"
"AXIN2","AXIN2","chr17:63524682-63557740","Dex","Untreated",6.69656,2.85462,-1.23012,3.25981,0.00111488,0.0481322,"yes"
"TXNRD1","TXNRD1","chr12:104609558-104744062","Dex","Untreated",388.429,135.731,-1.5169,3.25695,0.00112616,0.0484643,"yes"
"GRAMD4","GRAMD4","chr22:47022657-47075688","Dex","Untreated",3.74662,8.53804,1.18831,-3.25578,0.0011308,0.0485096,"yes"
"ABCA6","ABCA6","chr17:67074846-67138015","Dex","Untreated",22.2532,10.9264,-1.02619,3.25086,0.00115058,0.0492019,"yes"
